﻿<?xml version="1.0" encoding="utf-8"?>
<robot>
  <id>44</id>
  <navn>Jakobs Erazer</navn>
  <runder>
    <runde skjold="3" vaaben="2" />
    <runde skjold="3" vaaben="2" />
    <runde skjold="2" vaaben="2" />
    <runde skjold="3" vaaben="3" />
    <runde skjold="3" vaaben="1" />
    <runde skjold="2" vaaben="1" />
    <runde skjold="2" vaaben="2" />
    <runde skjold="3" vaaben="1" />
  </runder>
  <tab>0</tab>
  <sejre>35</sejre>
  <uafgjort>6</uafgjort>
  <liv>5</liv>
</robot>