﻿<?xml version="1.0" encoding="utf-8"?>
<robot>
  <id>45</id>
  <navn>Daniels Robot</navn>
  <runder>
    <runde skjold="3" vaaben="2" />
    <runde skjold="1" vaaben="1" />
    <runde skjold="3" vaaben="1" />
    <runde skjold="2" vaaben="1" />
    <runde skjold="3" vaaben="1" />
    <runde skjold="2" vaaben="1" />
    <runde skjold="2" vaaben="3" />
    <runde skjold="2" vaaben="1" />
  </runder>
  <tab>39</tab>
  <sejre>0</sejre>
  <uafgjort>6</uafgjort>
  <liv>5</liv>
</robot>