﻿<?xml version="1.0" encoding="utf-8"?>
<robot>
  <id>48</id>
  <navn>Peters Robot</navn>
  <runder>
    <runde skjold="3" vaaben="2" />
    <runde skjold="1" vaaben="2" />
    <runde skjold="2" vaaben="1" />
    <runde skjold="3" vaaben="3" />
    <runde skjold="1" vaaben="3" />
    <runde skjold="2" vaaben="1" />
    <runde skjold="2" vaaben="3" />
    <runde skjold="1" vaaben="1" />
  </runder>
  <tab>0</tab>
  <sejre>34</sejre>
  <uafgjort>1</uafgjort>
  <liv>5</liv>
</robot>